"Symbol","Company_Name","Country","IPO_Year","Sector","Last_Sale"
"A","Agilent Technologies Inc. Common Stock","United States","1999","Industrials","127.56"
"AACG","ATA Creativity Global American Depositary Shares","China","2008","Consumer Discretionary","1.06"
"AAPL","Apple Inc. Common Stock","United States","1980","Technology","148.84"
"ABBV","AbbVie Inc. Common Stock","United States","2012","Health Care","147.37"
"ABCM","Abcam plc American Depositary Shares","United Kingdom","2020","Health Care","14.86"
"ABG","Asbury Automotive Group Inc Common Stock","United States","2002","Consumer Discretionary","181.15"
"ABNB","Airbnb Inc. Class A Common Stock","United States","2020","Consumer Discretionary","120.87"
"ACBA","Ace Global Business Acquisition Limited Ordinary Shares","Hong Kong","2021","Finance","10.27"
"ACBAW","Ace Global Business Acquisition Limited Warrant","Hong Kong","2021","Consumer Discretionary","0.06"
"ACH","Aluminum Corporation of China Limited American Depositary Shares","China","2001","Industrials","10.89"
"ACHL","Achilles Therapeutics plc American Depositary Shares","United Kingdom","2021","Health Care","2.5"
"ACIU","AC Immune SA Common Stock","Switzerland","2016","Health Care","3.14"
"ACN","Accenture plc Class A Ordinary Shares (Ireland)","Ireland","2001","Consumer Discretionary","298.46"
"ADAG","Adagene Inc. American Depositary Shares","China","2021","Health Care","2.8"
"ADAP","Adaptimmune Therapeutics plc American Depositary Shares","United Kingdom","2015","Health Care","1.44"
"ADBE","Adobe Inc. Common Stock","United States","1986","Technology","416.48"
"ADUS","Addus HomeCare Corporation Common Stock","United States","2009","Health Care","83.5"
"AER","AerCap Holdings N.V. Ordinary Shares","Netherlands","2006","Consumer Discretionary","49.44"
"AFMD","Affimed N.V.","Germany","2014","Health Care","3.1"
"AFYA","Afya Limited Class A Common Shares","Brazil","2019","Real Estate","12.14"
"AGBA","AGBA Acquisition Limited Ordinary Share","Hong Kong","2019","Finance","11.29"
"AGBAR","AGBA Acquisition Limited Right","Hong Kong","2019","Finance","0.13"
"AGBAW","AGBA Acquisition Limited Warrant","Hong Kong","2019","Finance","0.04"
"AGMH","AGM Group Holdings Inc. Class A Ordinary Shares","Hong Kong","2018","Technology","2.04"
"AGO","Assured Guaranty Ltd. Common Stock","Bermuda","2004","Finance","58.85"
"AGRO","Adecoagro S.A. Common Shares","Luxembourg","2011","Consumer Staples","11.11"
"AHG","Akso Health Group ADS","China","2017","Finance","1.09"
"AIH","Aesthetic Medical International Holdings Group Ltd. American Depositary Shares","China","2019","Health Care","1.85"
"AIHS","Senmiao Technology Limited Common Stock","China","2018","Finance","0.96"
"AIZ","Assurant Inc. Common Stock","United States","2004","Finance","176.69"
"AKAM","Akamai Technologies Inc. Common Stock","United States","1999","Consumer Discretionary","101.04"
"ALC","Alcon Inc. Ordinary Shares","Switzerland","2019","Health Care","74.73"
"ALGN","Align Technology Inc. Common Stock","United States","2001","Health Care","277.64"
"ALGT","Allegiant Travel Company Common Stock","United States","2006","Consumer Discretionary","149.45"
"ALKS","Alkermes plc Ordinary Shares","Ireland","1991","Health Care","29.85"
"ALLE","Allegion plc Ordinary Shares","United States","2013","Consumer Discretionary","111.65"
"ALLT","Allot Ltd. Ordinary Shares","Israel","2006","Telecommunications","5.24"
"ALNY","Alnylam Pharmaceuticals Inc. Common Stock","United States","2004","Health Care","125.8"
"AMAT","Applied Materials Inc. Common Stock","United States","1972","Technology","117.29"
"AMGN","Amgen Inc. Common Stock","United States","1983","Health Care","256.74"
"AMR","Alpha Metallurgical Resources Inc. Common Stock","United States","2018","Energy","161.74"
"AMZN","Amazon.com Inc. Common Stock","United States","1997","Consumer Discretionary","2404.19"
"ANPC","AnPac Bio-Medical Science Co. Ltd. American Depositary Shares","China","2020","Health Care","0.29"
"ANSS","ANSYS Inc. Common Stock","United States","1996","Technology","260.36"
"ANTE","AirNet Technology Inc. American Depositary Shares","China","2007","Consumer Discretionary","1.27"
"AOSL","Alpha and Omega Semiconductor Limited Common Shares","Bermuda","2010","Technology","43.93"
"API","Agora Inc. American Depositary Shares","China","2020","Technology","6.09"
"APM","Aptorum Group Limited Class A Ordinary Shares","Hong Kong","2018","Health Care","1.26"
"APPF","AppFolio Inc. Class A Common Stock","United States","2015","Technology","100.18"
"APTV","Aptiv PLC Ordinary Shares","United Kingdom","2011","Consumer Discretionary","106.24"
"ARCE","Arco Platform Limited Class A Common Shares","Brazil","2018","Consumer Discretionary","16.91"
"ARCH","Arch Resources Inc. Class A Common Stock","United States","2016","Energy","152.84"
"ARCO","Arcos Dorados Holdings Inc. Class A Shares","Argentina","2011","Consumer Discretionary","7.82"
"ARCT","Arcturus Therapeutics Holdings Inc. Common Stock","Israel","2013","Health Care","19.88"
"ARGX","argenx SE American Depositary Shares","Netherlands","2017","Health Care","309.3"
"ASGN","ASGN Incorporated Common Stock","United States","1992","Technology","95.23"
"ASLN","ASLAN Pharmaceuticals Limited American Depositary Shares","Singapore","2018","Health Care","0.4"
"ASML","ASML Holding N.V. New York Registry Shares","Netherlands","1995","Technology","576.29"
"ASND","Ascendis Pharma A/S American Depositary Shares","Denmark","2015","Health Care","84.51"
"ATIF","ATIF Holdings Limited Ordinary Shares","China","2019","Consumer Discretionary","2.34"
"ATKR","Atkore Inc. Common Stock","United States","2016","Technology","108.92"
"AUDC","AudioCodes Ltd. Common Stock","Israel","1999","Utilities","22.96"
"AURC","Aurora Acquisition Corp. Class A Ordinary Shares","United Kingdom","2021","Finance","9.8"
"AURCW","Aurora Acquisition Corp. Warrant","United Kingdom","2021","Finance","0.21"
"AUTL","Autolus Therapeutics plc American Depositary Share","United Kingdom","2018","Health Care","2.74"
"AVAN","Avanti Acquisition Corp. Class A Ordinary Shares","Cayman Islands","2020","Finance","9.9"
"AVAV","AeroVironment Inc. Common Stock","United States","2007","Industrials","91.96"
"AVGO","Broadcom Inc. Common Stock","United States","2009","Technology","580.13"
"AWK","American Water Works Company Inc. Common Stock","United States","2008","Utilities","151.25"
"AXON","Axon Enterprise Inc. Common Stock","United States","2001","Consumer Discretionary","101.36"
"AXS","Axis Capital Holdings Limited Common Stock","Bermuda","2003","Finance","58.57"
"AY","Atlantica Sustainable Infrastructure plc Ordinary Shares","United Kingdom","2014","Utilities","32.65"
"AYLA","Ayala Pharmaceuticals Inc. Common Stock","Israel","2020","Consumer Discretionary","1.77"
"AZRE","Azure Power Global Limited Equity Shares","India","2016","Utilities","14.86"
"AZUL","Azul S.A. American Depositary Shares (each representing three preferred shares)","Brazil","2017","Consumer Discretionary","12.73"
"BABA","Alibaba Group Holding Limited American Depositary Shares each representing eight Ordinary share","China","2014","Consumer Discretionary","96.05"
"BAH","Booz Allen Hamilton Holding Corporation Common Stock","United States","2010","Consumer Discretionary","85.86"
"BAM","Brookfield Asset Management Inc. Common Stock","Canada","1925","Consumer Discretionary","50.6"
"BANF","BancFirst Corporation Common Stock","United States","1993","Finance","90.73"
"BAOS","Baosheng Media Group Holdings Limited Ordinary shares","China","2021","Consumer Discretionary","1.37"
"BCYC","Bicycle Therapeutics plc American Depositary Shares","United Kingdom","2019","Health Care","15.99"
"BEDU","Bright Scholar Education Holdings Limited American Depositary Shares each  representing one Class A Ordinary Share","China","2017","Consumer Discretionary","0.78"
"BEKE","KE Holdings Inc American Depositary Shares (each representing three Class A Ordinary Shares)","China","2020","Finance","13.4"
"BFAM","Bright Horizons Family Solutions Inc. Common Stock","United States","2013","Consumer Discretionary","90.55"
"BFI","BurgerFi International Inc. Common Stock ","Mexico","2018","Consumer Discretionary","3.51"
"BFIIW","BurgerFi International Inc. Warrant ","Mexico","2018","Consumer Discretionary","0.46"
"BG","Bunge Limited Bunge Limited","United States","2001","Consumer Staples","118.32"
"BGNE","BeiGene Ltd. American Depositary Shares","Cayman Islands","2016","Health Care","137.22"
"BH","Biglari Holdings Inc. Class B Common Stock","United States","2018","Consumer Discretionary","133.71"
"BHAT","Blue Hat Interactive Entertainment Technology Ordinary Shares","China","2019","Consumer Discretionary","1.36"
"BHVN","Biohaven Pharmaceutical Holding Company Ltd. Common Shares","United States","2017","Health Care","143.73"
"BIDU","Baidu Inc. ADS","China","2005","Technology","140.35"
"BILI","Bilibili Inc. American Depositary Shares","China","2018","Technology","22.35"
"BIO","Bio-Rad Laboratories Inc. Class A Common Stock","United States","1980","Industrials","537.79"
"BLCT","BlueCity Holdings Limited American Depositary Shares","China","2020","Technology","1.34"
"BLD","TopBuild Corp. Common Stock","United States","2015","Industrials","197.26"
"BLK","BlackRock Inc. Common Stock","United States","1999","Finance","669.08"
"BLX","Banco Latinoamericano de Comercio Exterior S.A.","Panama","1992","Finance","14.87"
"BNR","Burning Rock Biotech Limited American Depositary Shares","China","2020","Health Care","2.4"
"BNTX","BioNTech SE American Depositary Share","Germany","2019","Health Care","163.36"
"BON","Bon Natural Life Limited Ordinary Shares","China","2021","Real Estate","4.32"
"BPTS","Biophytis SA American Depositary Share","France","2021","Health Care","1.27"
"BRLI","Brilliant Acquisition Corporation Ordinary Shares","China","2020","Finance","10.4"
"BRLIR","Brilliant Acquisition Corporation Rights","China","2020","Finance","0.22"
"BRLIW","Brilliant Acquisition Corporation Warrants","China","2020","Finance","0.1"
"BROG","Brooge Energy Limited Ordinary Shares","United Kingdom","2018","Energy","7.5"
"BROGW","Brooge Holdings Limited Warrant expiring 12/20/2024","United Kingdom","2018","Energy","0.29"
"BRQS","Borqs Technologies Inc. Ordinary Shares","Hong Kong","2015","Industrials","0.17"
"BSBR","Banco Santander Brasil SA American Depositary Shares each representing one unit","Brazil","2009","Finance","7.11"
"BSIG","BrightSphere Investment Group Inc. Common Stock","United Kingdom","2014","Finance","20.39"
"BSMX","Banco Santander Mexico S.A. Institucion de Banca Multiple Grupo Financiero Santander Mexico","Mexico","2012","Finance","5.41"
"BTI","British American Tobacco  Industries p.l.c. Common Stock ADR","United Kingdom","1998","Consumer Discretionary","44.24"
"BTWN","Bridgetown Holdings Limited Class A Ordinary Shares","Hong Kong","2020","Finance","9.9"
"BTWNU","Bridgetown Holdings Limited Units","Hong Kong","2020","Finance","9.95"
"BTWNW","Bridgetown Holdings Limited Warrants","Hong Kong","2020","Finance","0.29"
"BVN","Buenaventura Mining Company Inc.","Peru","1996","Basic Materials","8.54"
"BVXV","BiondVax Pharmaceuticals Ltd. American Depositary Shares","Israel","2015","Health Care","1.34"
"BWAY","BrainsWay Ltd. American Depositary Shares","Israel","2019","Health Care","7.15"
"BX","Blackstone Inc. Common Stock","United States","2007","Finance","117.79"
"BXP","Boston Properties Inc. Common Stock","United States","1997","Real Estate","111.18"
"BYNO","byNordic Acquisition Corporation Class A Common Stock","Sweden","2022","Industrials","9.9"
"BZUN","Baozun Inc. American Depositary Shares","China","2015","Consumer Discretionary","9.02"
"CABO","Cable One Inc. Common Stock","United States","2015","Consumer Discretionary","1303.1"
"CACC","Credit Acceptance Corporation Common Stock","United States","1992","Finance","595.31"
"CALT","Calliditas Therapeutics AB American Depositary Shares","Sweden","2020","Health Care","17.85"
"CAMT","Camtek Ltd. Ordinary Shares","Israel","2000","Technology","29.53"
"CAN","Canaan Inc. American Depositary Shares","China","2019","Technology","3.74"
"CASY","Casey's General Stores Inc. Common Stock","United States","1983","Miscellaneous","209.54"
"CBD","Companhia Brasileira de Distribuicao American Depsitary Shares; each representing one Common Share","Brazil","2020","Consumer Staples","4.32"
"CBRL","Cracker Barrel Old Country Store Inc Common Stock","United States","1981","Consumer Discretionary","102.01"
"CCM","Concord Medical Services Holdings Limited ADS (Each represents three ordinary shares)","China","2009","Health Care","1.62"
"CCMP","CMC Materials Inc. Common Stock","United States","2000","Technology","176.94"
"CCNC","Code Chain New Continent Limited Common Stock","China","2015","Technology","0.69"
"CD","Chindata Group Holdings Limited American Depositary Shares","China","2020","Finance","7.49"
"CDW","CDW Corporation Common Stock","United States","2013","Technology","169.86"
"CE","Celanese Corporation Celanese Corporation Common Stock","United States","2005","Industrials","156.52"
"CEA","China Eastern Airlines Corporation Ltd. Common Stock","China","1997","Consumer Discretionary","17.77"
"CERN","Cerner Corporation Common Stock","United States","1986","Health Care","94.85"
"CF","CF Industries Holdings Inc. Common Stock","United States","2005","Industrials","98.77"
"CGEN","Compugen Ltd. Ordinary Shares","Israel","2000","Health Care","1.85"
"CHEK","Check-Cap Ltd. Ordinary Share","Israel","2015","Health Care","0.36"
"CHKP","Check Point Software Technologies Ltd. Ordinary Shares","Israel","1996","Technology","125.08"
"CHRW","C.H. Robinson Worldwide Inc. Common Stock","United States","1997","Consumer Discretionary","108.51"
"CLB","Core Laboratories N.V. Common Stock","Netherlands","1995","Energy","28.18"
"CLEU","China Liberal Education Holdings Limited Ordinary Shares","China","2020","Real Estate","1.18"
"CLLS","Cellectis S.A. American Depositary Shares","France","2015","Health Care","3.62"
"CLPS","CLPS Incorporation Common Stock","China","2018","Technology","1.83"
"CLWT","Euro Tech Holdings Company Limited Common Stock","Hong Kong","1997","Consumer Discretionary","1.6"
"CMBM","Cambium Networks Corporation Ordinary Shares","Cayman Islands","2019","Technology","14.29"
"CME","CME Group Inc. Class A Common Stock","United States","2002","Finance","198.83"
"CMG","Chipotle Mexican Grill Inc. Common Stock","United States","2006","Consumer Discretionary","1402.55"
"CMMB","Chemomab Therapeutics Ltd. American Depositary Share","Israel","2019","Health Care","3.08"
"CMPR","Cimpress plc Ordinary Shares (Ireland)","Netherlands","2005","Consumer Discretionary","43.58"
"CMPS","COMPASS Pathways Plc American Depository Shares","United Kingdom","2020","Health Care","9.09"
"CMRE","Costamare Inc. Common Stock $0.0001 par value","Greece","2010","Consumer Discretionary","14.22"
"CNEY","CN Energy Group Inc. Ordinary Shares","China","2021","Industrials","2.3"
"CNMD","CONMED Corporation Common Stock","United States","1987","Health Care","116.29"
"CNTB","Connect Biopharma Holdings Limited American Depositary Shares","China","2021","Health Care","0.8"
"CNTG","Centogene N.V. Common Shares","Germany","2019","Health Care","2.88"
"COE","China Online Education Group American depositary shares each representing 15 Class A ordinary shares","China","2016","Consumer Discretionary","1.1"
"COF","Capital One Financial Corporation Common Stock","United States","1994","Finance","127.86"
"COKE","Coca-Cola Consolidated Inc. Common Stock","United States","1972","Consumer Staples","564.97"
"CPA","Copa Holdings S.A. Copa Holdings S.A. Class A Common Stock","Panama","2005","Consumer Discretionary","70.7"
"CPLP","Capital Product Partners L.P. Common Units","Greece","2007","Consumer Discretionary","15.06"
"CPRI","Capri Holdings Limited Ordinary Shares","Hong Kong","2011","Consumer Discretionary","48.74"
"CPRT","Copart Inc. (DE) Common Stock","United States","1994","Consumer Discretionary","114.53"
"CPT","Camden Property Trust Common Stock","United States","1993","Real Estate","143.49"
"CRAI","CRA International Inc. Common Stock","United States","1998","Consumer Discretionary","85.73"
"CRESY","Cresud S.A.C.I.F. y A. American Depositary Shares","Argentina","1997","Finance","7.01"
"CRL","Charles River Laboratories International Inc. Common Stock","United States","2000","Consumer Discretionary","234.08"
"CRM","Salesforce Inc. Common Stock","United States","2004","Technology","160.24"
"CRSP","CRISPR Therapeutics AG Common Shares","Switzerland","2016","Health Care","58.05"
"CRTO","Criteo S.A. American Depositary Shares","France","2013","Consumer Discretionary","25.92"
"CRWD","CrowdStrike Holdings Inc. Class A Common Stock","United States","2019","Technology","159.99"
"CSTE","Caesarstone Ltd. Ordinary Shares","Israel","2012","Consumer Discretionary","9.11"
"CSTM","Constellium SE Ordinary Shares (France)","Netherlands","2013","Industrials","16.89"
"CTAS","Cintas Corporation Common Stock","United States","1983","Consumer Discretionary","398.33"
"CTLT","Catalent Inc. Common Stock","United States","2014","Health Care","103.06"
"CTOS","Custom Truck One Source Inc. Common Stock","Cayman Islands","2017","Consumer Discretionary","5.96"
"CTXS","Citrix Systems Inc. Common Stock","United States","1995","Technology","100.69"
"CVAC","CureVac N.V. Ordinary Shares","Germany","2020","Health Care","18.8"
"CYAD","Celyad Oncology SA American Depositary Shares","Belgium","2015","Health Care","2.2"
"CYBR","CyberArk Software Ltd. Ordinary Shares","Israel","2014","Technology","138.9"
"CYD","China Yuchai International Limited Common Stock","Singapore","1994","Industrials","10.5"
"CYTO","Altamira Therapeutics Ltd. Common Shares 0.01 SF (Bermuda)","Bermuda","2014","Health Care","0.73"
"DAC","Danaos Corporation Common Stock","Greece","2006","Consumer Discretionary","81.24"
"DADA","Dada Nexus Limited American Depositary Shares","China","2020","Consumer Discretionary","7.55"
"DAVA","Endava plc American Depositary Shares (each representing one Class A Ordinary Share)","United States","2018","Technology","100.89"
"DBVT","DBV Technologies S.A. American Depositary Shares","France","2014","Health Care","1.51"
"DCUE","Dominion Energy Inc. 2019 Series A Corporate Units","United States","2019","Utilities","101.61"
"DDI","DoubleDown Interactive Co. Ltd. American Depository Shares","South Korea","2021","Technology","11.32"
"DDOG","Datadog Inc. Class A Common Stock","United States","2019","Technology","95.39"
"DECK","Deckers Outdoor Corporation Common Stock","United States","1993","Consumer Discretionary","268.56"
"DG","Dollar General Corporation Common Stock","United States","2009","Consumer Discretionary","220.34"
"DHT","DHT Holdings Inc.","Jersey","2005","Consumer Discretionary","5.96"
"DILAU","DILA Capital Acquisition Corp. Unit","Mexico","2021","Industrials","10.02"
"DILAW","DILA Capital Acquisition Corp. Warrant","Mexico","2021","Industrials","0.19"
"DIT","AMCON Distributing Company Common Stock","United States","1999","Consumer Discretionary","156.5"
"DKDCA","Data Knights Acquisition Corp. Class A Common Stock","United Kingdom","2021","Industrials","10.22"
"DKDCU","Data Knights Acquisition Corp. Unit","United Kingdom","2021","Industrials","10.37"
"DLR","Digital Realty Trust Inc. Common Stock","United States","2004","Real Estate","139.59"
"DLTR","Dollar Tree Inc. Common Stock","United States","1995","Consumer Discretionary","160.33"
"DOGZ","Dogness (International) Corporation Class A Common Stock","China","2017","Consumer Discretionary","4"
"DOYU","DouYu International Holdings Limited ADS","China","2019","Technology","1.29"
"DPZ","Domino's Pizza Inc Common Stock","United States","2004","Consumer Discretionary","363.17"
"DQ","DAQO New Energy Corp. American Depositary Shares each representing five ordinary shares","China","2010","Technology","48.9"
"DSAC","Duddell Street Acquisition Corp. Class A Ordinary Shares","Hong Kong","2020","Finance","9.93"
"DSACU","Duddell Street Acquisition Corp. Unit","Hong Kong","2020","Finance","10.3"
"DSACW","Duddell Street Acquisition Corp. Warrant","Hong Kong","2020","Finance","0.8"
"DSWL","Deswell Industries Inc. Common Shares","Macau","1995","Industrials","3.2"
"DSX","Diana Shipping inc. common stock","Greece","2005","Consumer Discretionary","6.34"
"DUO","Fangdd Network Group Ltd. American Depositary Shares","China","2019","Technology","0.2"
"DXCM","DexCom Inc. Common Stock","United States","2005","Health Care","297.94"
"EBACU","European Biotech Acquisition Corp. Units","Netherlands","2021","Finance","9.85"
"EBON","Ebang International Holdings Inc. Class A Ordinary Shares","China","2020","Technology","0.8"
"EDAP","EDAP TMS S.A. American Depositary Shares","France","1997","Health Care","7.37"
"EDN","Empresa Distribuidora Y Comercializadora Norte S.A. (Edenor) Empresa Distribuidora Y Comercializadora Norte S.A. (Edenor) American Depositary Shares","Argentina","2007","Utilities","6.1"
"EDTK","Skillful Craftsman Education Technology Limited Ordinary Share","China","2020","Real Estate","1.25"
"EDTX","EdtechX Holdings Acquisition Corp. II Class A common stock","United Kingdom","2021","Industrials","10.1"
"EDTXU","EdtechX Holdings Acquisition Corp. II Unit","United Kingdom","2020","Industrials","10.17"
"EDTXW","EdtechX Holdings Acquisition Corp. II Warrant","United Kingdom","2021","Industrials","0.15"
"EDU","New Oriental Education & Technology Group Inc. Sponsored ADR representing 10 Ordinary Share (Cayman Islands)","China","2006","Real Estate","13.06"
"EEFT","Euronet Worldwide Inc. Common Stock","United States","1997","Technology","121.16"
"EH","EHang Holdings Limited ADS","China","2019","Consumer Discretionary","8.92"
"EJH","E-Home Household Service Holdings Limited Ordinary Shares","China","2021","Consumer Discretionary","0.38"
"EL","Estee Lauder Companies Inc. (The) Common Stock","United States","1995","Consumer Discretionary","254.65"
"ELP","Companhia Paranaense de Energia (COPEL) American Depositary Shares (each representing one Unit consisting one Common Share and four non-voting Class B Preferred Shares)","Brazil","2021","Utilities","7.61"
"ELTK","Eltek Ltd. Ordinary Shares","Israel","1997","Technology","4.2"
"EM","Smart Share Global Limited American Depositary Shares","China","2021","Consumer Discretionary","1.21"
"ENBA","Enbridge Inc 6.375% Fixed-to-Floating Rate Subordinated Notes Series 2018-B due 2078","Canada","2018","Energy","25.19"
"ENLV","Enlivex Therapeutics Ltd. Ordinary Shares","Israel","2014","Health Care","5.01"
"ENPH","Enphase Energy Inc. Common Stock","United States","2012","Technology","186.19"
"ENTG","Entegris Inc. Common Stock","United States","2000","Technology","110.96"
"ENTX","Entera Bio Ltd. Ordinary Shares","Israel","2018","Health Care","2.15"
"ENTXW","Entera Bio Ltd. Warrant","Israel","2018","Health Care","0.12"
"EPAM","EPAM Systems Inc. Common Stock","United States","2012","Technology","338.52"
"EQIX","Equinix Inc. Common Stock REIT","United States","2000","Real Estate","687.09"
"EQOS","EQONEX LIMITED Ordinary Shares","Singapore","2019","Consumer Discretionary","1.17"
"ERJ","Embraer S.A. Common Stock","Brazil","2000","Industrials","10.71"
"ERYP","Erytech Pharma S.A. American Depositary Shares","France","2017","Health Care","1.16"
"ESS","Essex Property Trust Inc. Common Stock","United States","1994","Real Estate","283.85"
"ESTA","Establishment Labs Holdings Inc. Common Shares","Costa Rica","2018","Health Care","61.7"
"EVAX","Evaxion Biotech A/S American Depositary Share","Denmark","2021","Health Care","1.96"
"EVO","Evotec SE American Depositary Shares","Germany","2021","Health Care","13.84"
"EVR","Evercore Inc. Class A Common Stock","United States","2006","Finance","114.2"
"EVTC","Evertec Inc. Common Stock","Puerto Rico","2013","Technology","37.94"
"EXLS","ExlService Holdings Inc. Common Stock","United States","2006","Technology","142.19"
"EXR","Extra Space Storage Inc Common Stock","United States","2004","Real Estate","178.2"
"EZGO","EZGO Technologies Ltd. Ordinary Shares","China","2021","Consumer Discretionary","0.83"
"FAMI","Farmmi Inc. Ordinary Shares","China","2018","Consumer Staples","1.27"
"FANG","Diamondback Energy Inc. Commmon Stock","United States","2012","Energy","152.02"
"FANH","Fanhua Inc. American Depositary Shares","China","2007","Finance","5.13"
"FB","Meta Platforms Inc. Class A Common Stock","United States","2012","Technology","193.64"
"FCN","FTI Consulting Inc. Common Stock","United States","1999","Consumer Discretionary","168"
"FDP","Fresh Del Monte Produce Inc. Common Stock","Cayman Islands","1997","Consumer Staples","25.54"
"FDS","FactSet Research Systems Inc. Common Stock","United States","2000","Finance","381.78"
"FENG","Phoenix New Media Limited American Depositary Shares each representing 48 Class A ordinary shares.","China","2011","Industrials","3.45"
"FFHL","Fuwei Films (Holdings) Co. Ltd. Ordinary Shares","China","2006","Industrials","5.27"
"FFIV","F5 Inc. Common Stock","United States","1999","Technology","163.04"
"FISV","Fiserv Inc. Common Stock","United States","1986","Consumer Discretionary","100.18"
"FIVE","Five Below Inc. Common Stock","United States","2012","Consumer Discretionary","130.59"
"FIVN","Five9 Inc. Common Stock","United States","2014","Technology","96.71"
"FIX","Comfort Systems USA Inc. Common Stock","United States","1997","Industrials","89.72"
"FLEX","Flex Ltd. Ordinary Shares","Singapore","1994","Technology","17.07"
"FLT","FleetCor Technologies Inc. Common Stock","United States","2010","Technology","248.81"
"FN","Fabrinet Ordinary Shares","Cayman Islands","2010","Utilities","86.87"
"FRLN","Freeline Therapeutics Holdings plc American Depositary Shares","United Kingdom","2020","Health Care","0.77"
"FSI","Flexible Solutions International Inc. Common Stock (CDA)","Canada","2002","Consumer Discretionary","2.41"
"FTNT","Fortinet Inc. Common Stock","United States","2009","Technology","294.14"
"FUTU","Futu Holdings Limited American Depositary Shares","Hong Kong","2019","Finance","36.71"
"FWP","Forward Pharma A/S American Depositary Shares","Denmark","2014","Health Care","5.35"
"G","Genpact Limited Common Stock","Bermuda","2007","Consumer Discretionary","44.37"
"GAN","GAN Limited Ordinary Shares","United Kingdom","2020","Technology","3.37"
"GASS","StealthGas Inc. Common Stock","Greece","2005","Consumer Discretionary","2.83"
"GBRG","Goldenbridge Acquisition Limited Ordinary Shares","Hong Kong","2021","Finance","10.14"
"GBRGR","Goldenbridge Acquisition Limited Right","Hong Kong","2021","Finance","0.13"
"GBRGW","Goldenbridge Acquisition Limited Warrant","Hong Kong","2021","Finance","0.08"
"GDS","GDS Holdings Limited ADS","China","2016","Technology","27.99"
"GIL","Gildan Activewear Inc. Class A Sub. Vot. Common Stock","Canada","2000","Consumer Discretionary","31.48"
"GLBE","Global-E Online Ltd. Ordinary Shares","Israel","2021","Technology","19.27"
"GLG","TD Holdings Inc. Common Stock","China","2013","Technology","0.18"
"GLMD","Galmed Pharmaceuticals Ltd. Ordinary Shares","Israel","2014","Health Care","0.51"
"GLPG","Galapagos NV American Depositary Shares","Belgium","2015","Health Care","55.01"
"GLRE","Greenlight Capital Re Ltd. Class A Ordinary Shares","Cayman Islands","2007","Finance","7.82"
"GLTO","Galecto Inc. Common Stock","Denmark","2020","Health Care","1.31"
"GMAB","Genmab A/S ADS","Denmark","2019","Health Care","30.25"
"GMDA","Gamida Cell Ltd. Ordinary Shares","Israel","2018","Health Care","2.18"
"GME","GameStop Corporation Common Stock","United States","2002","Consumer Discretionary","124.74"
"GNFT","GENFIT S.A. American Depositary Shares","France","2019","Health Care","3.59"
"GNRC","Generac Holdlings Inc. Common Stock","United States","2010","Consumer Discretionary","247.08"
"GOL","Gol Linhas Aereas Inteligentes S.A. Sponsored ADR representing 2 Pfd Shares","Brazil","2004","Consumer Discretionary","6.09"
"GOOG","Alphabet Inc. Class C Capital Stock","United States","2004","Technology","2280.78"
"GOOGL","Alphabet Inc. Class A Common Stock","United States","2004","Technology","2275.24"
"GPI","Group 1 Automotive Inc. Common Stock","United States","1997","Consumer Discretionary","179.59"
"GPOR","Gulfport Energy Corporation Common Shares","United States","2021","Energy","96.75"
"GPRK","Geopark Ltd Common Shares","Bermuda","2014","Energy","16.77"
"GRCL","Gracell Biotechnologies Inc. American Depositary Shares","China","2021","Health Care","3.29"
"GRCY","Greencity Acquisition Corporation Ordinary Shares","China","2020","Finance","10.45"
"GRCYU","Greencity Acquisition Corporation Unit","China","2020","Finance","10.4"
"GRCYW","Greencity Acquisition Corporation Warrants","China","2020","Finance","0.07"
"GRMN","Garmin Ltd. Common Stock (Switzerland)","Switzerland","2000","Industrials","105.62"
"GRVY","GRAVITY Co. Ltd. American Depository Shares","South Korea","2005","Consumer Discretionary","60.24"
"GS","Goldman Sachs Group Inc. (The) Common Stock","United States","1999","Finance","326.85"
"GSLD","Global Ship Lease Inc. 8.00% Senior Notes due 2024","United Kingdom","2019","Consumer Discretionary","25.95"
"GSMG","Glory Star New Media Group Holdings Limited Ordinary Share","China","2018","Technology","0.75"
"GSMGW","Glory Star New Media Group Holdings Limited Warrant expiring 2/13/2025","China","2018","Technology","0.01"
"GTEC","Greenland Technologies Holding Corporation Ordinary Shares","China","2018","Industrials","3.75"
"GTH","Genetron Holdings Limited ADS","China","2020","Health Care","1.39"
"GTLS","Chart Industries Inc. Common Stock","United States","2006","Technology","175.88"
"H","Hyatt Hotels Corporation Class A Common Stock","United States","2009","Consumer Discretionary","88.39"
"HAPP","Happiness Development Group Limited Class A Ordinary Shares","China","2019","Consumer Discretionary","0.17"
"HCA","HCA Healthcare Inc. Common Stock","United States","2011","Health Care","210.4"
"HCM","HUTCHMED (China) Limited American Depositary Shares","Hong Kong","2016","Health Care","10.52"
"HDB","HDFC Bank Limited Common Stock","India","2001","Finance","57.57"
"HEI","Heico Corporation Common Stock","United States","2000","Industrials","143.05"
"HIMX","Himax Technologies Inc. American Depositary Shares","Taiwan","2006","Technology","9.52"
"HLF","Herbalife Nutrition Ltd. Common Stock","Cayman Islands","2004","Health Care","21.79"
"HLG","Hailiang Education Group Inc. American Depositary Shares","China","2015","Real Estate","13.58"
"HLI","Houlihan Lokey Inc. Class A Common Stock","United States","2015","Finance","85.94"
"HMLP","Hoegh LNG Partners LP Common Units representing Limited Partner Interests","Bermuda","2014","Consumer Discretionary","9.08"
"HNP","Huaneng Power Intl Common Stock","China","1994","Utilities","19.99"
"HSIC","Henry Schein Inc. Common Stock","United States","1995","Health Care","85.64"
"HSKA","Heska Corporation Common Stock","United States","1997","Health Care","99.79"
"HTCR","Heartcore Enterprises Inc. Common Stock","Japan","2022","Technology","1.22"
"HTHT","Huazhu Group Limited American Depositary Shares","China","2010","Consumer Discretionary","32.5"
"HUBB","Hubbell Inc Common Stock","United States","2015","Technology","189.86"
"HUBS","HubSpot Inc. Common Stock","United States","2014","Technology","337.69"
"HUDI","Huadi International Group Co. Ltd. Ordinary Shares","China","2021","Industrials","25.59"
"HUIZ","Huize Holding Limited American Depositary Shares","China","2020","Finance","0.98"
"HUSN","Hudson Capital Inc. Ordinary Shares","China","2017","Consumer Discretionary","1.58"
"HYW","Hywin Holdings Ltd. American Depositary Shares","China","2021","Finance","6.72"
"HZNP","Horizon Therapeutics Public Limited Company Ordinary Shares","Ireland","2011","Health Care","89.69"
"IBA","Industrias Bachoco S.A.B. de C.V. Common Stock","Mexico","1997","Consumer Staples","46.86"
"IBEX","IBEX Limited Common Shares","Bermuda","2020","Technology","17.9"
"ICE","Intercontinental Exchange Inc. Common Stock","United States","2005","Finance","102.39"
"ICFI","ICF International Inc. Common Stock","United States","2006","Consumer Discretionary","102.21"
"ICL","ICL Group Ltd. Ordinary Shares","Israel","2014","Industrials","10.98"
"ICLK","iClick Interactive Asia Group Limited American Depositary Shares","Hong Kong","2017","Technology","0.56"
"ICLR","ICON plc Ordinary Shares","Ireland","1998","Health Care","223.79"
"ICUI","ICU Medical Inc. Common Stock","United States","1992","Health Care","181.64"
"IDXX","IDEXX Laboratories Inc. Common Stock","United States","1991","Health Care","391.62"
"IEX","IDEX Corporation Common Stock","United States","1989","Industrials","191.55"
"IFRX","InflaRx N.V. Common Stock","Germany","2017","Health Care","1.59"
"IGIC","International General Insurance Holdings Ltd. Ordinary Share","Jordan","2018","Finance","7.58"
"IINN","Inspira Technologies Oxy B.H.N. Ltd. Ordinary Shares","Israel","2021","Health Care","1.58"
"IINNW","Inspira Technologies Oxy B.H.N. Ltd. Warrant","Israel","2021","Health Care","0.31"
"IIPR","Innovative Industrial Properties Inc. Common Stock","United States","2016","Real Estate","133.05"
"ILMN","Illumina Inc. Common Stock","United States","2000","Health Care","239.48"
"IMAB","I-MAB American Depositary Shares","China","2020","Health Care","8.7"
"IMCR","Immunocore Holdings plc American Depositary Shares","United Kingdom","2021","Health Care","28.35"
"IMKTA","Ingles Markets Incorporated Class A Common Stock","United States","1987","Consumer Staples","89.06"
"IMRN","Immuron Limited American Depositary Shares","Australia","2017","Health Care","2.84"
"IMRNW","Immuron Limited Warrants","Australia","2017","Health Care","0.15"
"ING","ING Group N.V. Common Stock","Netherlands","1997","Finance","11.32"
"INMD","InMode Ltd. Ordinary Shares","Israel","2019","Health Care","26.81"
"INSP","Inspire Medical Systems Inc. Common Stock","United States","1998","Health Care","176.83"
"INTU","Intuit Inc. Common Stock","United States","1993","Technology","414.46"
"IOBT","IO Biotech Inc. Common Stock","Denmark","2021","Health Care","4.83"
"IPGP","IPG Photonics Corporation Common Stock","United States","2006","Technology","105.49"
"IPHA","Innate Pharma S.A. ADS","France","2019","Health Care","2.66"
"IQ","iQIYI Inc. American Depositary Shares","China","2018","Technology","4.1"
"IQV","IQVIA Holdings Inc. Common Stock","United States","2013","Health Care","215.25"
"IRTC","iRhythm Technologies Inc. Common Stock","United States","2016","Health Care","140.85"
"ISRG","Intuitive Surgical Inc. Common Stock","United States","2000","Health Care","227.64"
"IT","Gartner Inc. Common Stock","United States","1993","Finance","262.4"
"ITRM","Iterum Therapeutics plc Ordinary Share","Ireland","2018","Health Care","0.23"
"ITRN","Ituran Location and Control Ltd. Ordinary Shares","Israel","2005","Technology","25.06"
"IVA","Inventiva S.A. American Depository Shares","France","2020","Consumer Discretionary","9.02"
"JAZZ","Jazz Pharmaceuticals plc Common Stock (Ireland)","Ireland","2007","Health Care","149.68"
"JD","JD.com Inc. American Depositary Shares","China","2014","Consumer Discretionary","56.12"
"JFIN","Jiayin Group Inc. American Depositary Shares","China","2019","Finance","1.77"
"JFU","9F Inc. American Depositary Shares","China","2019","Finance","0.84"
"JG","Aurora Mobile Limited American Depositary Shares","China","2018","Technology","1.07"
"JJSF","J & J Snack Foods Corp. Common Stock","United States","1986","Consumer Staples","128.22"
"JKHY","Jack Henry & Associates Inc. Common Stock","United States","1985","Technology","188.12"
"JKS","JinkoSolar Holding Company Limited American Depositary Shares (each representing 4 Common Shares)","China","2010","Technology","61.27"
"JMAC","Maxpro Capital Acquisition Corp. Class A Common Stock","Taiwan","2021","Industrials","10.05"
"JMACU","Maxpro Capital Acquisition Corp. Units","Taiwan","2021","Industrials","10.13"
"JMACW","Maxpro Capital Acquisition Corp. Warrants","Taiwan","2021","Industrials","0.14"
"JRVR","James River Group Holdings Ltd. Common Shares","Bermuda","2014","Finance","25.55"
"JWEL","Jowell Global Ltd. Ordinary Shares","China","2021","Consumer Discretionary","2.42"
"JZXN","Jiuzi Holdings Inc. Ordinary Shares","China","2021","Consumer Discretionary","1.04"
"KAI","Kadant Inc Common Stock","United States","1992","Technology","185.1"
"KALV","KalVista Pharmaceuticals Inc. Common Stock","United Kingdom","2015","Health Care","8.89"
"KARO","Karooooo Ltd. Ordinary Shares","Singapore","2021","Technology","25.2"
"KC","Kingsoft Cloud Holdings Limited American Depositary Shares","China","2020","Technology","4.82"
"KEN","Kenon Holdings Ltd. Ordinary Shares","Singapore","2015","Utilities","55.84"
"KEP","Korea Electric Power Corporation Common Stock","South Korea","1994","Utilities","9.26"
"KEYS","Keysight Technologies Inc. Common Stock","United States","2014","Industrials","145.6"
"KLAC","KLA Corporation Common Stock","United States","1980","Technology","364.85"
"KMDA","Kamada Ltd. Ordinary Shares","Israel","2013","Health Care","4.51"
"KNOP","KNOT Offshore Partners LP Common Units representing Limited Partner Interests","United Kingdom","2013","Consumer Discretionary","17.3"
"KNTK","Kinetik Holdings Inc. Class A Common Stock","United States","2017","Energy","84.04"
"KOF","Coca Cola Femsa S.A.B. de C.V.  American Depositary Shares each representing 10 Units (each Unit consists of 3 Series B Shares and 5 Series L Shares)","Mexico","1993","Consumer Staples","59.65"
"KOS","Kosmos Energy Ltd. Common Shares (DE)","Bermuda","2011","Energy","7.74"
"KRKR","36Kr Holdings Inc. American Depositary Shares","China","2019","Consumer Discretionary","0.89"
"KRNT","Kornit Digital Ltd. Ordinary Shares","Israel","2015","Industrials","41.97"
"KRTX","Karuna Therapeutics Inc. Common Stock","United States","2019","Health Care","104.32"
"KXIN","Kaixin Auto Holdings Ordinary Shares","China","2017","Finance","0.96"
"LAMR","Lamar Advertising Company Class A Common Stock","United States","1996","Real Estate","97.95"
"LAZ","Lazard LTD. Lazard LTD. Class A Common Stock","Bermuda","2005","Finance","35.26"
"LCAA","L Catterton Asia Acquisition Corp Class A Ordinary Shares","Singapore","2021","Finance","9.79"
"LCAAU","L Catterton Asia Acquisition Corp Units","Singapore","2021","Finance","9.82"
"LCAAW","L Catterton Asia Acquisition Corp Warrant","Singapore","2021","Finance","0.2"
"LCII","LCI Industries","United States","1995","Consumer Discretionary","119.52"
"LEDS","SemiLEDS Corporation Common Stock","Taiwan","2010","Technology","2.52"
"LFC","China Life Insurance Company Limited American Depositary Shares","China","2003","Finance","7.67"
"LGIH","LGI Homes Inc. Common Stock","United States","2013","Consumer Discretionary","97.99"
"LHCG","LHC Group Common Stock","United States","2005","Health Care","166.66"
"LI","Li Auto Inc. American Depositary Shares","China","2020","Consumer Discretionary","25.07"
"LII","Lennox International Inc. Common Stock","United States","1999","Industrials","208.9"
"LITB","LightInTheBox Holding Co. Ltd. American Depositary Shares each representing 2 ordinary shares","China","2013","Consumer Discretionary","1.19"
"LIZI","LIZHI INC. American Depositary Shares","China","2020","Technology","1.18"
"LLL","JX Luxventure Limited Common Stock","China","2013","Consumer Staples","1.59"
"LNG","Cheniere Energy Inc. Common Stock","United States","2001","Utilities","136.77"
"LOMA","Loma Negra Compania Industrial Argentina Sociedad Anonima ADS","Argentina","2017","Industrials","5.88"
"LOPE","Grand Canyon Education Inc. Common Stock","United States","2008","Consumer Discretionary","89.17"
"LPL","LG Display Co Ltd AMERICAN DEPOSITORY SHARES","South Korea","2004","Technology","6.99"
"LPLA","LPL Financial Holdings Inc. Common Stock","United States","2010","Finance","196.19"
"LRCX","Lam Research Corporation Common Stock","United States","1984","Technology","520.03"
"LSTR","Landstar System Inc. Common Stock","United States","1993","Industrials","151.43"
"LU","Lufax Holding Ltd American Depositary Shares two of which representing one Ordinary Share","China","2020","Finance","6.29"
"LULU","lululemon athletica inc. Common Stock","Canada","2007","Consumer Discretionary","292.69"
"LVRA","Levere Holdings Corp. Class A Ordinary Shares","Cayman Islands","2021","Finance","9.77"
"LVRAU","Levere Holdings Corp. Unit","Cayman Islands","2021","Finance","9.82"
"LVRAW","Levere Holdings Corp. Warrant","Cayman Islands","2021","Finance","0.18"
"LVTX","LAVA Therapeutics N.V. Ordinary Shares","Netherlands","2021","Health Care","3"
"LX","LexinFintech Holdings Ltd. American Depositary Shares","China","2017","Finance","2.02"
"LXEH","Lixiang Education Holding Co. Ltd. American Depositary Shares","China","2020","Real Estate","2.82"
"LXFR","Luxfer Holdings PLC Ordinary Shares","United Kingdom","2012","Industrials","16.7"
"LYL","Dragon Victory International Limited Ordinary Shares","China","2017","Finance","0.91"
"MA","Mastercard Incorporated Common Stock","United States","2006","Consumer Discretionary","357.87"
"MAA","Mid-America Apartment Communities Inc. Common Stock","United States","1994","Real Estate","181"
"MANH","Manhattan Associates Inc. Common Stock","United States","1998","Technology","120.93"
"MANT","ManTech International Corporation Common Stock $0.01 Par Value","United States","2002","Technology","95.65"
"MANU","Manchester United Ltd. Class A Ordinary Shares","United Kingdom","2012","Consumer Discretionary","12.76"
"MASI","Masimo Corporation Common Stock","United States","2007","Health Care","140.43"
"MDB","MongoDB Inc. Class A Common Stock","United States","2017","Technology","237.15"
"MDJH","MDJM LTD Ordinary Share","China","2019","Finance","1.47"
"MDWD","MediWound Ltd. Ordinary Shares","Israel","2014","Consumer Discretionary","1.77"
"MEDP","Medpace Holdings Inc. Common Stock","United States","2016","Health Care","143.24"
"MELI","MercadoLibre Inc. Common Stock","Argentina","2007","Consumer Discretionary","785.88"
"MESO","Mesoblast Limited American Depositary Shares","Australia","2015","Health Care","3.51"
"MFH","Mercurity Fintech Holding Inc. ADS","China","2015","Technology","1.24"
"MGIC","Magic Software Enterprises Ltd. Ordinary Shares","Israel","1991","Technology","17.22"
"MHLA","Maiden Holdings Ltd. 6.625% Notes due 2046","Bermuda","2016","Finance","17.74"
"MHLD","Maiden Holdings Ltd.","Bermuda","2008","Finance","2.44"
"MHNC","Maiden Holdings North America Ltd. 7.75% Notes due 2043","Bermuda","2013","Finance","20.4"
"MITC","MeaTech 3D Ltd. American Depositary Shares","Israel","2021","Consumer Staples","4.2"
"MIXT","MiX Telematics Limited American Depositary Shares each representing 25 Ordinary Shares","South Africa","2013","Technology","10.36"
"MKD","Molecular Data Inc. American Depositary Shares","China","2019","Consumer Discretionary","0.86"
"MKL","Markel Corporation Common Stock","United States","1986","Finance","1369.43"
"MKSI","MKS Instruments Inc. Common Stock","United States","1999","Industrials","123.5"
"MKTX","MarketAxess Holdings Inc. Common Stock","United States","2004","Finance","281.68"
"MLAC","Malacca Straits Acquisition Company Limited Class A Ordinary Shares","Hong Kong","2020","Finance","10.13"
"MLACW","Malacca Straits Acquisition Company Limited Warrants","Hong Kong","2020","Finance","0.05"
"MLCO","Melco Resorts & Entertainment Limited American Depositary Shares","Hong Kong","2006","Consumer Discretionary","5.64"
"MLM","Martin Marietta Materials Inc. Common Stock","United States","1994","Industrials","339.38"
"MMYT","MakeMyTrip Limited Ordinary Shares","India","2010","Consumer Discretionary","27.66"
"MNSO","MINISO Group Holding Limited American Depositary Shares each representing four Class A Ordinary Shares","China","2020","Consumer Discretionary","5.5"
"MOH","Molina Healthcare Inc Common Stock","United States","2003","Health Care","290.22"
"MOHO","ECMOHO Limited American Depositary Shares","China","2019","Consumer Discretionary","0.18"
"MOMO","Hello Group Inc. American Depositary Shares","China","2014","Technology","6.08"
"MOR","MorphoSys AG American Depositary Shares","Germany","2018","Health Care","5.61"
"MORN","Morningstar Inc. Common Stock","United States","2005","Finance","257.03"
"MOTS","Motus GI Holdings Inc. Common Stock","Israel","2018","Health Care","0.28"
"MPAC","Model Performance Acquisition Corp. Class A Ordinary Share","Hong Kong","2021","Finance","10.16"
"MPACU","Model Performance Acquisition Corp. Units","Hong Kong","2021","Finance","10.35"
"MPACW","Model Performance Acquisition Corp. Warrant","Hong Kong","2021","Finance","0.17"
"MPWR","Monolithic Power Systems Inc. Common Stock","United States","2004","Technology","450.39"
"MRM","MEDIROM Healthcare Technologies Inc. American Depositary Share","Japan","2020","Consumer Discretionary","7"
"MRNA","Moderna Inc. Common Stock","United States","2018","Health Care","145.33"
"MRUS","Merus N.V. Common Shares","Netherlands","2016","Health Care","18.56"
"MRVL","Marvell Technology Inc. Common Stock","Bermuda","2000","Technology","59.15"
"MSA","MSA Safety Incorporated Common Stock","United States","2000","Technology","127.49"
"MSFT","Microsoft Corporation Common Stock","United States","1986","Technology","271.87"
"MSGS","Madison Square Garden Sports Corp. Class A Common Stock (New)","United States","2015","Consumer Discretionary","163.86"
"MSM","MSC Industrial Direct Company Inc. Common Stock","United States","1995","Industrials","84.93"
"MSTR","MicroStrategy Incorporated Common Stock Class A","United States","1998","Technology","264.69"
"MTC","MMTec Inc. Common Shares","China","2019","Technology","0.39"
"MTCN","ArcelorMittal 5.50% Mandatorily Convertible Subordinated Notes due 2023","Luxembourg","2020","Industrials","77.35"
"MTD","Mettler-Toledo International Inc. Common Stock","Switzerland","1997","Health Care","1286.12"
"MTLS","Materialise NV American Depositary Shares","Belgium","2014","Technology","14.63"
"MTN","Vail Resorts Inc. Common Stock","United States","1997","Consumer Discretionary","252.21"
"MUSA","Murphy USA Inc. Common Stock","United States","2013","Utilities","249.12"
"MX","Magnachip Semiconductor Corporation Common Stock","Luxembourg","2011","Technology","19.5"
"MYRG","MYR Group Inc. Common Stock","United States","2008","Industrials","91.61"
"NAAC","North Atlantic Acquisition Corporation Class A Ordinary Share","Malta","2021","Finance","8.81"
"NAACU","North Atlantic Acquisition Corporation Unit","Malta","2021","Finance","8.71"
"NAACW","North Atlantic Acquisition Corporation Warrant","Malta","2021","Finance","0.2"
"NAT","Nordic American Tankers Limited Common Stock","Bermuda","1995","Consumer Discretionary","2.05"
"NBIX","Neurocrine Biosciences Inc. Common Stock","United States","1996","Health Care","93.49"
"NBR","Nabors Industries Ltd.","Bermuda","1951","Energy","166.77"
"NBRV","Nabriva Therapeutics plc Ordinary Shares Ireland","Ireland","2015","Health Care","0.21"
"NBTX","Nanobiotix S.A. American Depositary Shares","France","2020","Health Care","5.23"
"NCNA","NuCana plc American Depositary Share","United Kingdom","2017","Health Care","0.59"
"NCTY","The9 Limited American Depository Shares","China","2004","Consumer Discretionary","1.68"
"NETI","Eneti Inc. Common Stock","Monaco","2013","Consumer Discretionary","6.7"
"NFLX","Netflix Inc. Common Stock","United States","2002","Consumer Discretionary","197.44"
"NGMS","NeoGames S.A. Ordinary Shares","Israel","2020","Consumer Discretionary","13.13"
"NIMC","NiSource Inc Series A Corporate Units","United States","2021","Utilities","119.06"
"NISN","NiSun International Enterprise Development Group Co. Ltd. Class A Common Shares","China","2016","Industrials","0.75"
"NIU","Niu Technologies American Depositary Shares","China","2018","Consumer Discretionary","7.83"
"NLSN","Nielsen N.V. Ordinary Shares","Netherlands","2011","Consumer Discretionary","25.56"
"NLSP","NLS Pharmaceutics Ltd. Ordinary Shares","Switzerland","2021","Health Care","0.68"
"NLSPW","NLS Pharmaceutics Ltd. Warrant","Switzerland","2021","Health Care","0.23"
"NLTX","Neoleukin Therapeutics Inc. Common Stock","Canada","2014","Health Care","1"
"NMM","Navios Maritime Partners LP Common Units Representing Limited Partner Interests","Greece","2007","Consumer Discretionary","29.87"
"NNI","Nelnet Inc. Common Stock","United States","2003","Finance","84.69"
"NNOX","NANO-X IMAGING LTD Ordinary Shares","Israel","2020","Health Care","10.22"
"NOA","North American Construction Group Ltd. Common Shares (no par)","Canada","2006","Consumer Staples","13.36"
"NOAH","Noah Holdings Limited","China","2010","Finance","18.36"
"NOK","Nokia Corporation Sponsored American Depositary Shares","Finland","1994","Technology","5.01"
"NOW","ServiceNow Inc. Common Stock","United States","2012","Technology","467.47"
"NSIT","Insight Enterprises Inc. Common Stock","United States","1995","Technology","98.82"
"NTB","Bank of N.T. Butterfield & Son Limited (The) Voting Ordinary Shares","Bermuda","2016","Finance","31.58"
"NTZ","Natuzzi S.p.A.","Italy","1993","Consumer Discretionary","9.6"
"NVCR","NovoCure Limited Ordinary Shares","Jersey","2015","Health Care","80.38"
"NVDA","NVIDIA Corporation Common Stock","United States","1999","Technology","186.72"
"NVEE","NV5 Global Inc. Common Stock","United States","2013","Consumer Discretionary","123.18"
"NVGS","Navigator Holdings Ltd. Ordinary Shares (Marshall Islands)","Isle of Man","2013","Consumer Discretionary","13.57"
"NVMI","Nova Ltd. Ordinary Shares","Israel","2000","Technology","106.22"
"NVR","NVR Inc. Common Stock","United States","1998","Consumer Discretionary","4450.62"
"NVVE","Nuvve Holding Corp. Common Stock","China","2020","Energy","6.75"
"NVVEW","Nuvve Holding Corp. Warrant","China","2020","Energy","0.63"
"NXPI","NXP Semiconductors N.V. Common Stock","Netherlands","2010","Technology","189.76"
"NXST","Nexstar Media Group Inc. Class A Common Stock","United States","2003","Industrials","175.22"
"OBSV","ObsEva SA Ordinary Shares","Switzerland","2017","Health Care","1.81"
"OCFT","OneConnect Financial Technology Co. Ltd. American Depositary Shares each representing three ordinary shares","China","2019","Technology","1.37"
"OCG","Oriental Culture Holding LTD Ordinary Shares","China","2020","Consumer Discretionary","3.46"
"OEC","Orion Engineered Carbons S.A Common Shares","Luxembourg","2014","Industrials","19.31"
"OFIX","Orthofix Medical Inc. Common Stock (DE)","Curacao","1992","Health Care","27.49"
"OKTA","Okta Inc. Class A Common Stock","United States","2017","Technology","83.05"
"OLK","Olink Holding AB (publ) American Depositary Shares","Sweden","2021","Industrials","11.76"
"OMAB","Grupo Aeroportuario del Centro Norte S.A.B. de C.V. ADS","Mexico","2006","Consumer Discretionary","57.76"
"OMCL","Omnicell Inc. Common Stock ($0.001 par value)","United States","2001","Health Care","111.16"
"OPRA","Opera Limited American Depositary Shares","Norway","2018","Technology","5.34"
"OPT","Opthea Limited American Depositary Shares","Australia","2020","Health Care","7.78"
"ORLY","O'Reilly Automotive Inc. Common Stock","United States","1993","Consumer Discretionary","637.17"
"ORTX","Orchard Therapeutics plc American Depositary Shares","United Kingdom","2018","Health Care","0.46"
"OSIS","OSI Systems Inc. Common Stock (DE)","United States","1997","Technology","83.92"
"OXBR","Oxbridge Re Holdings Limited Ordinary Shares","Cayman Islands","2014","Finance","5.2"
"OXBRW","Oxbridge Re Holdings Limited Warrant expiring 3/26/2024","Cayman Islands","2014","Finance","0.41"
"PAC","Grupo Aeroportuario Del Pacifico S.A. B. de C.V. Grupo Aeroportuario Del Pacifico S.A. de C.V. (each representing 10 Series B shares)","Mexico","2006","Consumer Discretionary","150.38"
"PAGS","PagSeguro Digital Ltd. Class A Common Shares","Cayman Islands","2018","Technology","15.36"
"PAQC","Provident Acquisition Corp. Class A Ordinary Shares","Hong Kong","2021","Finance","9.85"
"PAQCU","Provident Acquisition Corp. Units","Hong Kong","2021","Finance","9.95"
"PAQCW","Provident Acquisition Corp. Warrant","Hong Kong","2021","Finance","0.22"
"PAYX","Paychex Inc. Common Stock","United States","1983","Consumer Discretionary","123.83"
"PBTS","Powerbridge Technologies Co. Ltd. Ordinary Shares","China","2019","Technology","0.34"
"PCTY","Paylocity Holding Corporation Common Stock","United States","2014","Technology","174.86"
"PDD","Pinduoduo Inc. American Depositary Shares","China","2018","Consumer Discretionary","50.35"
"PERI","Perion Network Ltd. Ordinary Shares","Israel","2006","Technology","19.64"
"PETZ","TDH Holdings Inc. Common Shares","China","2017","Consumer Staples","0.22"
"PHCF","Puhui Wealth Investment Management Co. Ltd. Ordinary Shares","China","2018","Finance","0.63"
"PHUN","Phunware Inc. Common Stock","Greece","2016","Technology","1.45"
"PHUNW","Phunware Inc. Warrants","Greece","2016","Technology","0.61"
"PHVS","Pharvaris N.V. Ordinary Shares","Netherlands","2021","Health Care","17.99"
"PKG","Packaging Corporation of America Common Stock","United States","2000","Basic Materials","157.28"
"PKX","POSCO Holdings Inc. American Depositary Shares (Each representing 1/4th of a share of Common Stock)","South Korea","1994","Industrials","57.52"
"PLTK","Playtika Holding Corp. Common Stock","Israel","2021","Technology","14.81"
"PODD","Insulet Corporation Common Stock","United States","2007","Health Care","213.48"
"POOL","Pool Corporation Common Stock","United States","1995","Consumer Discretionary","398.62"
"PPBT","Purple Biotech Ltd. American Depositary Shares","Israel","2015","Health Care","2.88"
"PPHPU","PHP Ventures Acquisition Corp. Units","Malaysia","2021","Industrials","10.2"
"PPHPW","PHP Ventures Acquisition Corp. Warrants","Malaysia","2021","Industrials","0.06"
"PRFT","Perficient Inc. Common Stock","United States","1999","Technology","97.91"
"PRFX","PainReform Ltd. Ordinary Shares","Israel","2020","Health Care","0.9"
"PRI","Primerica Inc. Common Stock","United States","2010","Finance","126"
"PRK","Park National Corporation Common Stock","United States","1994","Finance","123.71"
"PRQR","ProQR Therapeutics N.V. Ordinary Shares","Netherlands","2014","Health Care","0.66"
"PRU","Prudential Financial Inc. Common Stock","United States","2001","Finance","106.25"
"PSB","PS Business Parks Inc. (MD) Common Stock","United States","1991","Real Estate","187.63"
"PT","Pintec Technology Holdings Limited American Depositary Shares","China","2018","Technology","1.71"
"PUYI","Puyi Inc. American Depository Shares","China","2019","Finance","7.98"
"PYPD","PolyPid Ltd. Ordinary Shares","Israel","2020","Health Care","5.38"
"PZZA","Papa John's International Inc. Common Stock","United States","1993","Consumer Discretionary","88.01"
"QCOM","QUALCOMM Incorporated Common Stock","United States","1991","Technology","143.22"
"QD","Qudian Inc. American Depositary Shares each representing one Class A Ordinary Share","China","2017","Technology","0.85"
"QFIN","360 DigiTech Inc. American Depositary Shares","China","2018","Finance","15.73"
"QH","Quhuo Limited American Depository Shares","China","2020","Consumer Discretionary","0.36"
"QK","Q&K International Group Limited American Depositary Shares","China","2019","Finance","1.03"
"QLI","Qilian International Holding Group Ltd. Ordinary Shares","China","2021","Health Care","1.75"
"QLYS","Qualys Inc. Common Stock","United States","2012","Technology","130.68"
"QNRX","Quoin Pharmaceuticals Ltd. American Depositary Shares","Israel","2016","Health Care","0.63"
"QTNT","Quotient Limited Ordinary Shares","Switzerland","2014","Health Care","0.39"
"QTT","Qutoutiao Inc. American Depositary Shares","China","2018","Technology","0.84"
"QURE","uniQure N.V. Ordinary Shares","Netherlands","2014","Health Care","14.36"
"RAM","Aries I Acquisition Corporation Class A Ordinary Share","Cayman Islands","2021","Finance","10.1"
"RAMMU","Aries I Acquisition Corporation Unit","Cayman Islands","2021","Finance","10.22"
"RAMMW","Aries I Acquisition Corporation Warrant","Cayman Islands","2021","Finance","0.3"
"RBOT","Vicarious Surgical Inc. Class A Common Stock","Hong Kong","2020","Health Care","4.38"
"RCON","Recon Technology Ltd. Class A Ordinary Shares","China","2009","Energy","0.8"
"RDCM","Radcom Ltd. Ordinary Shares","Israel","1997","Technology","11"
"RDWR","Radware Ltd. Ordinary Shares","Israel","1999","Consumer Discretionary","24.13"
"REDU","RISE Education Cayman Ltd American Depositary Shares","China","2017","Consumer Discretionary","1.37"
"REGN","Regeneron Pharmaceuticals Inc. Common Stock","United States","1991","Health Care","664.74"
"RELX","RELX PLC PLC American Depositary Shares (Each representing One Ordinary Share)","United Kingdom","2015","Consumer Discretionary","28.64"
"RENN","Renren Inc. American Depositary Shares each representing fifteen Class A ordinary shares","China","2011","Technology","28.41"
"RETO","ReTo Eco-Solutions Inc. Common Shares","China","2017","Consumer Discretionary","0.72"
"RFAC","RF Acquisition Corp. Class A Common Stock","Singapore","2022","Industrials","9.84"
"RGEN","Repligen Corporation Common Stock","United States","1986","Health Care","164.47"
"RH","RH Common Stock","United States","2012","Consumer Discretionary","290.08"
"RIO","Rio Tinto Plc Common Stock","Australia","2002","Basic Materials","73.44"
"RL","Ralph Lauren Corporation Common Stock","United States","1997","Consumer Discretionary","101.09"
"RNLX","Renalytix plc American Depositary Shares","United Kingdom","2020","Health Care","3.93"
"ROG","Rogers Corporation Common Stock","United States","1960","Technology","265.38"
"ROKU","Roku Inc. Class A Common Stock","United States","2017","Telecommunications","94.9"
"ROLL","RBC Bearings Incorporated Common Stock","United States","2005","Industrials","186.39"
"ROP","Roper Technologies Inc. Common Stock","United States","1992","Industrials","442.44"
"RRX","Regal Rexnord Corporation Common Stock","United States","1976","Consumer Discretionary","124.95"
"RS","Reliance Steel & Aluminum Co. Common Stock (DE)","United States","1994","Industrials","194.4"
"RSG","Republic Services Inc. Common Stock","United States","1998","Utilities","133.84"
"RWLK","ReWalk Robotics Ltd. Ordinary Shares","Israel","2014","Health Care","0.98"
"RYAAY","Ryanair Holdings plc American Depositary Shares","Ireland","1997","Consumer Discretionary","87.2"
"SAFT","Safety Insurance Group Inc. Common Stock","United States","2002","Finance","92.86"
"SB","Safe Bulkers Inc Common Stock ($0.001 par value)","Monaco","2008","Consumer Discretionary","4.76"
"SBAC","SBA Communications Corporation Class A Common Stock","United States","1999","Real Estate","336.61"
"SBBA","Scorpio Tankers Inc. 7.00% Senior Notes due 2025","Monaco","2020","Consumer Discretionary","25.15"
"SBNY","Signature Bank Common Stock","United States","2004","Finance","216.27"
"SBS","Companhia de saneamento Basico Do Estado De Sao Paulo - Sabesp American Depositary Shares (Each repstg 250 Common Shares)","Brazil","2002","Utilities","9.63"
"SCOA","ScION Tech Growth I Class A Ordinary Shares","United Kingdom","2021","Finance","9.85"
"SCOAU","ScION Tech Growth I Unit","United Kingdom","2020","Finance","9.85"
"SCOAW","ScION Tech Growth I Warrant","United Kingdom","2021","Finance","0.13"
"SCOB","ScION Tech Growth II Class A Ordinary Shares","United Kingdom","2021","Finance","9.81"
"SCOBW","ScION Tech Growth II Warrants","United Kingdom","2021","Finance","0.14"
"SDH","Global Internet of People Inc. Ordinary Shares","China","2021","Consumer Discretionary","1.93"
"SEB","Seaboard Corporation Common Stock","United States","1996","Industrials","4139.38"
"SECO","Secoo Holding Limited ADS","China","2017","Miscellaneous","0.23"
"SEDG","SolarEdge Technologies Inc. Common Stock","Israel","2015","Technology","272.79"
"SEV","Sono Group N.V. Common Shares","Germany","2021","Energy","3.19"
"SFET","Safe-T Group Ltd. American Depositary Share","Israel","2018","Technology","0.58"
"SGEN","Seagen Inc. Common Stock","United States","2001","Health Care","135.68"
"SIM","Grupo Simec S.A.B. de C.V. American Depositary Shares","Mexico","1998","Industrials","29.72"
"SIMO","Silicon Motion Technology Corporation American Depositary Shares","Taiwan","2005","Technology","90.31"
"SISI","Shineco Inc. Common Stock","China","2016","Consumer Discretionary","1.75"
"SITM","SiTime Corporation Common Stock","United States","2019","Technology","213"
"SJ","Scienjoy Holding Corporation Class A Ordinary Shares ","China","2019","Technology","2.47"
"SLAB","Silicon Laboratories Inc. Common Stock","United States","2000","Technology","149.16"
"SLCR","Silver Crest Acquisition Corporation Class A Ordinary Share","China","2021","Finance","9.8"
"SLCRW","Silver Crest Acquisition Corporation Warrant","China","2021","Finance","0.25"
"SLGL","Sol-Gel Technologies Ltd. Ordinary Shares","Israel","2018","Health Care","5.88"
"SMG","Scotts Miracle-Gro Company (The) Common Stock","United States","1992","Industrials","94.62"
"SMMT","Summit Therapeutics Inc. Common Stock ","United Kingdom","2015","Consumer Discretionary","1.33"
"SNOW","Snowflake Inc. Class A Common Stock","United States","2020","Technology","127.65"
"SNPS","Synopsys Inc. Common Stock","United States","1992","Technology","319.2"
"SNX","TD SYNNEX Corporation Common Stock","United States","2003","Technology","103.85"
"SOL","Renesola Ltd. American Depsitary Shares (Each representing 10 shares)","China","2008","Technology","4.77"
"SPK","SPK Acquisition Corp. Common Stock","China","2021","Industrials","9.99"
"SPLK","Splunk Inc. Common Stock","United States","2012","Technology","102.56"
"SPNS","Sapiens International Corporation N.V. Common Shares (Cayman Islands)","Curacao","1992","Technology","25.33"
"SPOT","Spotify Technology S.A. Ordinary Shares","Luxembourg","2018","Consumer Discretionary","112.77"
"SPSC","SPS Commerce Inc. Common Stock","United States","2010","Technology","107.04"
"SQM","Sociedad Quimica y Minera S.A. Common Stock","Chile","1993","Industrials","106.17"
"SQNS","Sequans Communications S.A. American Depositary Shares","France","2011","Technology","3.3"
"SRRA","Sierra Oncology Inc. Common Stock","Canada","2015","Health Care","54.78"
"ST","Sensata Technologies Holding plc Ordinary Shares","Netherlands","2010","Industrials","48.03"
"STLA","Stellantis N.V. Common Shares","United Kingdom","2014","Consumer Discretionary","15.1"
"STNE","StoneCo Ltd. Class A Common Shares","Brazil","2018","Technology","10.04"
"STNG","Scorpio Tankers Inc. Common Shares","Monaco","2010","Consumer Discretionary","33.05"
"STX","Seagate Technology Holdings PLC Ordinary Shares (Ireland)","Ireland","2002","Technology","84.67"
"SUI","Sun Communities Inc. Common Stock","United States","1993","Real Estate","164.13"
"SWAV","ShockWave Medical Inc. Common Stock","United States","2019","Health Care","164.21"
"SXTC","China SXT Pharmaceuticals Inc. Ordinary Shares","China","2019","Health Care","2.1"
"SY","So-Young International Inc. American Depository Shares","China","2019","Technology","1.18"
"SYNA","Synaptics Incorporated Common Stock $0.001 Par Value","United States","2002","Technology","148.12"
"SYTA","Siyata Mobile Inc. Common Shares","Canada","2020","Industrials","1.13"
"SYTAW","Siyata Mobile Inc. Warrant","Canada","2020","Industrials","0.2"
"TANH","Tantech Holdings Ltd. Common Shares","China","2015","Industrials","0.27"
"TBSA","TB SA Acquisition Corp Class A Ordinary Share","Cayman Islands","2021","Finance","9.76"
"TBSAW","TB SA Acquisition Corp Warrant","Cayman Islands","2021","Finance","0.23"
"TC","TuanChe Limited American Depositary Shares","China","2018","Consumer Discretionary","2.13"
"TCOM","Trip.com Group Limited American Depositary Shares","China","2003","Consumer Discretionary","22.06"
"TDG","Transdigm Group Incorporated Common Stock","United States","2006","Industrials","605.37"
"TEAM","Atlassian Corporation Plc Class A Ordinary Shares","United Kingdom","2015","Technology","177.32"
"TEDU","Tarena International Inc. American Depositary Shares","China","2014","Consumer Discretionary","3.1"
"TGH","Textainer Group Holdings Limited Common Shares","Bermuda","2007","Consumer Discretionary","32.44"
"TIGR","UP Fintech Holding Ltd American Depositary Share representing fifteen Class A Ordinary Shares","China","2019","Finance","4.08"
"TINV","Tiga Acquisition Corp. Class A Ordinary Shares","Singapore","2021","Finance","10.27"
"TIOA","Tio Tech A Class A Ordinary Share","Germany","2021","Finance","9.75"
"TIOAW","Tio Tech A Warrants","Germany","2021","Finance","0.18"
"TIRX","TIAN RUIXIANG Holdings Ltd Class A Ordinary Shares","China","2021","Finance","0.71"
"TLRY","Tilray Brands Inc. Class 2 Common Stock ","Canada","2018","Health Care","4.49"
"TLSA","Tiziana Life Sciences Ltd. Common Shares","United Kingdom","2018","Health Care","0.66"
"TNK","Teekay Tankers Ltd.","Bermuda","2007","Consumer Discretionary","20.65"
"TNP","Tsakos Energy Navigation Ltd Common Shares","Greece","2002","Consumer Discretionary","10.76"
"TOPS","TOP Ships Inc. Common Stock","Greece","2004","Consumer Discretionary","0.69"
"TRIB","Trinity Biotech plc American Depositary Shares","Ireland","1992","Health Care","1.42"
"TROW","T. Rowe Price Group Inc. Common Stock","United States","1986","Finance","127.09"
"TRU","TransUnion Common Stock","United States","2015","Finance","86.81"
"TRVG","trivago N.V. American Depositary Shares","Germany","2016","Technology","1.7"
"TSCO","Tractor Supply Company Common Stock","United States","1994","Consumer Discretionary","187.36"
"TSEM","Tower Semiconductor Ltd. Ordinary Shares","Israel","1994","Technology","48.26"
"TSLA","Tesla Inc. Common Stock","United States","2010","Consumer Discretionary","758.26"
"TSM","Taiwan Semiconductor Manufacturing Company Ltd.","Taiwan","1997","Technology","95.3"
"TTEK","Tetra Tech Inc. Common Stock","United States","1991","Consumer Discretionary","134.97"
"TTWO","Take-Two Interactive Software Inc. Common Stock","United States","1997","Technology","124.53"
"TV","Grupo Televisa S.A. Common Stock","Mexico","1993","Industrials","10.21"
"TWLO","Twilio Inc. Class A Common Stock","United States","2016","Industrials","105.17"
"UAN","CVR Partners LP Common Units representing Limited Partner Interests","United States","2011","Industrials","129.7"
"UBS","UBS Group AG Registered Ordinary Shares","Switzerland","2014","Finance","18.87"
"UCL","uCloudlink Group Inc. American Depositary Shares","Hong Kong","2020","Consumer Discretionary","1.16"
"UGIC","UGI Corporation Corporate Units","United States","2021","Utilities","100.55"
"UP","Wheels Up Experience Inc. Class A Common Stock","Singapore","2020","Consumer Discretionary","2.53"
"UPC","Universe Pharmaceuticals Inc. Ordinary Shares","China","2021","Health Care","1.1"
"UPS","United Parcel Service Inc. Common Stock","United States","1999","Consumer Discretionary","182.25"
"URGN","UroGen Pharma Ltd. Ordinary Shares","Israel","2017","Health Care","5.32"
"URI","United Rentals Inc. Common Stock","United States","1997","Consumer Discretionary","298.18"
"USPH","U.S. Physical Therapy Inc. Common Stock","United States","1992","Health Care","112.59"
"UTHR","United Therapeutics Corporation Common Stock","United States","1999","Health Care","230.34"
"UTME","UTime Limited Ordinary Shares","China","2021","Technology","1.29"
"UTSI","UTStarcom Holdings Corp.","China","2000","Telecommunications","0.68"
"UXIN","Uxin Limited ADS","China","2018","Consumer Discretionary","0.42"
"VBLT","Vascular Biogenics Ltd. Ordinary Shares","Israel","2014","Health Care","1.84"
"VCKA","Vickers Vantage Corp. I Ordinary Shares","Singapore","2021","Finance","10.21"
"VCKAU","Vickers Vantage Corp. I Unit","Singapore","2021","Finance","10.3"
"VCKAW","Vickers Vantage Corp. I Warrant","Singapore","2021","Finance","0.21"
"VECT","VectivBio Holding AG Ordinary Shares","Switzerland","2021","Health Care","5.84"
"VINP","Vinci Partners Investments Ltd. Class A Common Shares","Brazil","2021","Finance","10.75"
"VIOT","Viomi Technology Co. Ltd American Depositary Shares","China","2018","Consumer Discretionary","1.54"
"VIPS","Vipshop Holdings Limited American Depositary Shares each representing two ordinary shares","China","2012","Consumer Discretionary","9.3"
"VIV","Telefonica Brasil S.A. American Depositary Shares (Each representing One Common Share)","Brazil","2020","Telecommunications","10.74"
"VLAT","Valor Latitude Acquisition Corp. Class A Ordinary Shares","Cayman Islands","2021","Finance","9.72"
"VLATU","Valor Latitude Acquisition Corp. Unit","Cayman Islands","2021","Finance","9.75"
"VLATW","Valor Latitude Acquisition Corp. Warrant","Cayman Islands","2021","Finance","0.19"
"VMW","Vmware Inc. Common stock Class A","United States","2007","Technology","128.1"
"VNET","VNET Group Inc. American Depositary Shares","China","2011","Technology","5.65"
"VNRX","VolitionRX Limited Common Stock","Singapore","2015","Health Care","2.59"
"VRNA","Verona Pharma plc American Depositary Share","United Kingdom","2017","Health Care","4.53"
"VRSK","Verisk Analytics Inc. Common Stock","United States","2009","Consumer Discretionary","174.92"
"VRSN","VeriSign Inc. Common Stock","United States","1998","Technology","174.55"
"VRTX","Vertex Pharmaceuticals Incorporated Common Stock","United States","1991","Health Care","268.65"
"VSTA","Vasta Platform Limited Class A Ordinary Shares","Brazil","2020","Real Estate","4.28"
"VTRU","Vitru Limited Common Shares","Brazil","2020","Real Estate","17.4"
"VYGG","Vy Global Growth Class A Ordinary Shares","Cayman Islands","2020","Finance","9.89"
"WAFU","Wah Fu Education Group Limited Ordinary Shares","China","2019","Real Estate","2.34"
"WAT","Waters Corporation Common Stock","United States","1995","Health Care","327.95"
"WB","Weibo Corporation American Depositary Share","China","2014","Technology","22"
"WCC","WESCO International Inc. Common Stock","United States","1999","Consumer Discretionary","125.58"
"WD","Walker & Dunlop Inc Common Stock","United States","2010","Finance","106.31"
"WDFC","WD-40 Company Common Stock","United States","1973","Industrials","188.79"
"WIMI","WiMi Hologram Cloud Inc. American Depositary Share","China","2020","Technology","1.8"
"WIRE","Encore Wire Corporation Common Stock","United States","1992","Industrials","125.02"
"WIX","Wix.com Ltd. Ordinary Shares","Israel","2013","Technology","63.01"
"WLK","Westlake Corporation Common Stock","United States","2004","Industrials","132.11"
"WLL","Whiting Petroleum Corporation Common Stock (New)","United States","2020","Energy","88.46"
"WMS","Advanced Drainage Systems Inc. Common Stock","United States","2014","Industrials","109.51"
"WNS","WNS (Holdings) Limited Sponsored ADR (Jersey)","India","2006","Consumer Discretionary","72.77"
"WNW","Meiwu Technology Company Limited Ordinary Shares","China","2020","Consumer Discretionary","0.71"
"WPRT","Westport Fuel Systems Inc Common Shares","Canada","2008","Consumer Discretionary","1.2"
"WRLD","World Acceptance Corporation Common Stock","United States","1991","Finance","148.07"
"WTS","Watts Water Technologies Inc. Class A Common Stock","United States","1986","Industrials","130.83"
"WTW","Willis Towers Watson Public Limited Company Ordinary Shares","United Kingdom","2001","Finance","211.07"
"WVE","Wave Life Sciences Ltd. Ordinary Shares","Singapore","2015","Health Care","1.4"
"XIN","Xinyuan Real Estate Co Ltd American Depositary Shares","China","2007","Consumer Discretionary","0.92"
"XNET","Xunlei Limited American Depositary Shares","China","2014","Technology","1.26"
"XP","XP Inc. Class A Common Stock","Brazil","2019","Finance","22.61"
"XPEV","XPeng Inc. American depositary shares each representing two Class A ordinary shares","China","2020","Consumer Discretionary","23.5"
"YALA","Yalla Group Limited American Depositary Shares each representing one Class A Ordinary Share","United Arab Emirates","2020","Technology","3.7"
"YGMZ","MingZhu Logistics Holdings Limited Ordinary Shares","China","2020","Consumer Discretionary","1.93"
"YI","111 Inc. American Depositary Shares","China","2018","Consumer Staples","2"
"YJ","Yunji Inc. American Depository Shares","China","2019","Consumer Discretionary","1.09"
"YPF","YPF Sociedad Anonima Common Stock","Argentina","1993","Energy","4.5"
"YQ","17 Education & Technology Group Inc. American Depositary Shares","China","2020","Real Estate","2.12"
"YRD","Yiren Digital Ltd. American Depositary Shares each representing two ordinary shares","China","2015","Technology","1.72"
"YSG","Yatsen Holding Limited American Depositary Shares each representing four Class A ordinary shares","China","2020","Consumer Discretionary","0.49"
"YY","JOYY Inc. American Depositary Shares","China","2012","Technology","42.39"
"ZBRA","Zebra Technologies Corporation Class A Common Stock","United States","1991","Technology","338.19"
"ZCMD","Zhongchao Inc. Class A Ordinary Shares","China","2020","Real Estate","1.27"
"ZEAL","Zealand Pharma A/S American Depositary Shares","Denmark","2017","Health Care","14.39"
"ZEPP","Zepp Health Corporation American Depositary Shares","China","2018","Technology","2.04"
"ZKIN","ZK International Group Co. Ltd Ordinary Share","China","2017","Industrials","1.34"
"ZLAB","Zai Lab Limited American Depositary Shares","China","2017","Health Care","29.1"
"ZM","Zoom Video Communications Inc. Class A Common Stock","United States","2019","Technology","107.45"
"ZNH","China Southern Airlines Company Limited Common Stock","China","1997","Consumer Discretionary","27.09"
"ZS","Zscaler Inc. Common Stock","United States","2018","Technology","153.09"
"ZTO","ZTO Express (Cayman) Inc. American Depositary Shares each representing one Class A ordinary share.","China","2016","Consumer Discretionary","26.94"
"ZTS","Zoetis Inc. Class A Common Stock","United States","2013","Health Care","170.93"
